N,version,run,kernel_ms
1000,scalar,1,0.009919
1000,scalar,2,0.009889
1000,scalar,3,0.009889
1000,scalar,4,0.011031
1000,scalar,5,0.010660
1000,scalar,6,0.009919
1000,scalar,7,0.009909
1000,scalar,8,0.009899
1000,scalar,9,0.009909
1000,scalar,10,0.009899
1000,scalar,11,0.009900
1000,scalar,12,0.009899
1000,scalar,13,0.009899
1000,scalar,14,0.009909
1000,scalar,15,0.009899
1000,scalar,16,0.009900
1000,scalar,17,0.009879
1000,scalar,18,0.010971
1000,scalar,19,0.009899
1000,scalar,20,0.009900
1000,scalar,21,0.009899
1000,scalar,22,0.009889
1000,scalar,23,0.009899
1000,scalar,24,0.009889
1000,scalar,25,0.009890
1000,scalar,26,0.009889
1000,scalar,27,0.009899
1000,scalar,28,0.009889
1000,scalar,29,0.009889
1000,scalar,30,0.009899
1000,vector,1,0.001493
1000,vector,2,0.001463
1000,vector,3,0.001463
1000,vector,4,0.001453
1000,vector,5,0.001523
1000,vector,6,0.001483
1000,vector,7,0.001493
1000,vector,8,0.001483
1000,vector,9,0.001493
1000,vector,10,0.001483
1000,vector,11,0.001492
1000,vector,12,0.001453
1000,vector,13,0.001483
1000,vector,14,0.001493
1000,vector,15,0.001493
1000,vector,16,0.001493
1000,vector,17,0.001473
1000,vector,18,0.001463
1000,vector,19,0.001483
1000,vector,20,0.001463
1000,vector,21,0.001543
1000,vector,22,0.001493
1000,vector,23,0.001493
1000,vector,24,0.001603
1000,vector,25,0.001493
1000,vector,26,0.001503
1000,vector,27,0.001503
1000,vector,28,0.001493
1000,vector,29,0.001483
1000,vector,30,0.001493
100000,scalar,1,0.957903
100000,scalar,2,1.155494
100000,scalar,3,1.049379
100000,scalar,4,0.953223
100000,scalar,5,0.969435
100000,scalar,6,0.952062
100000,scalar,7,0.957241
100000,scalar,8,0.956110
100000,scalar,9,0.953404
100000,scalar,10,0.944086
100000,scalar,11,0.959516
100000,scalar,12,0.955938
100000,scalar,13,0.952562
100000,scalar,14,0.980988
100000,scalar,15,0.951510
100000,scalar,16,0.957122
100000,scalar,17,0.943856
100000,scalar,18,0.974445
100000,scalar,19,0.943946
100000,scalar,20,0.973624
100000,scalar,21,0.958314
100000,scalar,22,0.950659
100000,scalar,23,0.951060
100000,scalar,24,0.943776
100000,scalar,25,0.950278
100000,scalar,26,0.961600
100000,scalar,27,0.955218
100000,scalar,28,0.953564
100000,scalar,29,1.032997
100000,scalar,30,0.953684
100000,vector,1,0.114792
100000,vector,2,0.112728
100000,vector,3,0.138127
100000,vector,4,0.114501
100000,vector,5,0.117567
100000,vector,6,0.112488
100000,vector,7,0.113539
100000,vector,8,0.114191
100000,vector,9,0.114141
100000,vector,10,0.190067
100000,vector,11,0.112778
100000,vector,12,0.112808
100000,vector,13,0.112647
100000,vector,14,0.113009
100000,vector,15,0.112908
100000,vector,16,0.112738
100000,vector,17,0.112738
100000,vector,18,0.112588
100000,vector,19,0.123929
100000,vector,20,0.112858
100000,vector,21,0.112848
100000,vector,22,0.113108
100000,vector,23,0.112858
100000,vector,24,0.113269
100000,vector,25,0.113520
100000,vector,26,0.116214
100000,vector,27,0.112618
100000,vector,28,0.112538
100000,vector,29,0.114782
100000,vector,30,0.112778
1000000,scalar,1,9.814157
1000000,scalar,2,9.796805
1000000,scalar,3,9.608841
1000000,scalar,4,9.689296
1000000,scalar,5,9.864104
1000000,scalar,6,9.620875
1000000,scalar,7,9.715747
1000000,scalar,8,9.762648
1000000,scalar,9,9.675360
1000000,scalar,10,9.705879
1000000,scalar,11,9.779000
1000000,scalar,12,9.633599
1000000,scalar,13,9.729554
1000000,scalar,14,9.817625
1000000,scalar,15,9.617918
1000000,scalar,16,9.648758
1000000,scalar,17,10.060134
1000000,scalar,18,9.760694
1000000,scalar,19,10.322541
1000000,scalar,20,10.353000
1000000,scalar,21,11.662011
1000000,scalar,22,10.844711
1000000,scalar,23,10.889217
1000000,scalar,24,9.714165
1000000,scalar,25,9.908039
1000000,scalar,26,9.793235
1000000,scalar,27,10.219908
1000000,scalar,28,9.755401
1000000,scalar,29,9.962140
1000000,scalar,30,12.159178
1000000,vector,1,1.506703
1000000,vector,2,1.464632
1000000,vector,3,3.441554
1000000,vector,4,1.684417
1000000,vector,5,1.568533
1000000,vector,6,1.633098
1000000,vector,7,1.488939
1000000,vector,8,1.476024
1000000,vector,9,1.959819
1000000,vector,10,1.656853
1000000,vector,11,1.657164
1000000,vector,12,2.731662
1000000,vector,13,1.423813
1000000,vector,14,1.781243
1000000,vector,15,1.487306
1000000,vector,16,1.467067
1000000,vector,17,1.531992
1000000,vector,18,1.521601
1000000,vector,19,1.812244
1000000,vector,20,1.881507
1000000,vector,21,1.697953
1000000,vector,22,1.610033
1000000,vector,23,1.537653
1000000,vector,24,1.541801
1000000,vector,25,1.379717
1000000,vector,26,1.616966
1000000,vector,27,1.505471
1000000,vector,28,1.605664
1000000,vector,29,1.266148
1000000,vector,30,1.249045
50000000,scalar,1,252.361876
50000000,scalar,2,279.138045
50000000,scalar,3,266.759378
50000000,scalar,4,250.292153
50000000,scalar,5,244.103046
50000000,scalar,6,245.689186
50000000,scalar,7,244.867317
50000000,scalar,8,244.745244
50000000,scalar,9,246.016744
50000000,scalar,10,247.869852
50000000,scalar,11,245.361174
50000000,scalar,12,245.382370
50000000,scalar,13,244.917678
50000000,scalar,14,245.907590
50000000,scalar,15,244.928107
50000000,scalar,16,244.432699
50000000,scalar,17,244.381263
50000000,scalar,18,244.126578
50000000,scalar,19,246.093530
50000000,scalar,20,244.957008
50000000,scalar,21,245.859608
50000000,scalar,22,244.834963
50000000,scalar,23,244.590713
50000000,scalar,24,244.333831
50000000,scalar,25,244.338419
50000000,scalar,26,244.906505
50000000,scalar,27,248.951151
50000000,scalar,28,249.205846
50000000,scalar,29,245.724828
50000000,scalar,30,243.695974
50000000,vector,1,66.233110
50000000,vector,2,81.582939
50000000,vector,3,66.544900
50000000,vector,4,66.666876
50000000,vector,5,69.244758
50000000,vector,6,66.735337
50000000,vector,7,71.477916
50000000,vector,8,65.995533
50000000,vector,9,66.098632
50000000,vector,10,66.106928
50000000,vector,11,66.107259
50000000,vector,12,66.116770
50000000,vector,13,66.028358
50000000,vector,14,66.244134
50000000,vector,15,66.572856
50000000,vector,16,66.284642
50000000,vector,17,66.459258
50000000,vector,18,66.414954
50000000,vector,19,66.011148
50000000,vector,20,66.397391
50000000,vector,21,66.044293
50000000,vector,22,66.640711
50000000,vector,23,66.128187
50000000,vector,24,66.404628
50000000,vector,25,66.078913
50000000,vector,26,66.361297
50000000,vector,27,66.178226
50000000,vector,28,66.090207
50000000,vector,29,66.236159
50000000,vector,30,66.309871
